event,id,source_path,page,context
include,OLP-0001,content/open-logic-about.tex,1,normal
include,OLP-0002,content/content.tex,23,normal
include,OLP-0003,content/sets-functions-relations/sets-functions-relations-complete.tex,24,normal
include,OLP-0004,content/sets-functions-relations/sets/sets.tex,26,normal
include,OLP-0005,content/sets-functions-relations/sets/basics.tex,27,normal
include,OLP-0006,content/sets-functions-relations/sets/subsets.tex,28,normal
include,OLP-0007,content/sets-functions-relations/sets/important-sets.tex,29,normal
include,OLP-0008,content/sets-functions-relations/sets/unions-and-intersections.tex,30,normal
include,OLP-0009,content/sets-functions-relations/sets/pairs-and-products.tex,33,normal
include,OLP-0010,content/sets-functions-relations/sets/russells-paradox.tex,35,normal
include,OLP-0011,content/sets-functions-relations/relations/relations-complete.tex,37,normal
include,OLP-0012,content/sets-functions-relations/relations/relations-as-sets.tex,38,normal
include,OLP-0013,content/sets-functions-relations/relations/reflections.tex,40,normal
include,OLP-0014,content/sets-functions-relations/relations/special-properties.tex,41,normal
include,OLP-0015,content/sets-functions-relations/relations/equivalence-relations.tex,42,normal
include,OLP-0016,content/sets-functions-relations/relations/orders.tex,43,normal
include,OLP-0017,content/sets-functions-relations/relations/graphs.tex,45,normal
include,OLP-0018,content/sets-functions-relations/relations/trees.tex,46,normal
include,OLP-0019,content/sets-functions-relations/relations/operations.tex,48,normal
include,OLP-0020,content/sets-functions-relations/functions/functions.tex,49,normal
include,OLP-0021,content/sets-functions-relations/functions/function-basics.tex,50,normal
include,OLP-0022,content/sets-functions-relations/functions/function-kinds.tex,52,normal
include,OLP-0023,content/sets-functions-relations/functions/functions-relations.tex,53,normal
include,OLP-0024,content/sets-functions-relations/functions/inverses.tex,55,normal
include,OLP-0025,content/sets-functions-relations/functions/composition.tex,57,normal
include,OLP-0026,content/sets-functions-relations/functions/partial-functions.tex,58,normal
include,OLP-0027,content/sets-functions-relations/size-of-sets/size-of-sets-complete.tex,59,normal
include,OLP-0028,content/sets-functions-relations/size-of-sets/introduction.tex,60,normal
include,OLP-0029,content/sets-functions-relations/size-of-sets/enumerability.tex,60,normal
include,OLP-0030,content/sets-functions-relations/size-of-sets/zig-zag.tex,64,normal
include,OLP-0031,content/sets-functions-relations/size-of-sets/pairing.tex,65,normal
include,OLP-0032,content/sets-functions-relations/size-of-sets/pairing-alt.tex,66,normal
include,OLP-0033,content/sets-functions-relations/size-of-sets/non-enumerability.tex,68,normal
include,OLP-0034,content/sets-functions-relations/size-of-sets/reduction.tex,71,normal
include,OLP-0035,content/sets-functions-relations/size-of-sets/equinumerous-sets.tex,72,normal
include,OLP-0036,content/sets-functions-relations/size-of-sets/comparing-size.tex,73,normal
include,OLP-0037,content/sets-functions-relations/size-of-sets/schroder-bernstein.tex,75,normal
include,OLP-0038,content/sets-functions-relations/size-of-sets/enumerability-alt.tex,76,normal
include,OLP-0039,content/sets-functions-relations/size-of-sets/non-enumerability-alt.tex,78,normal
include,OLP-0040,content/sets-functions-relations/size-of-sets/reduction-alt.tex,80,normal
include,OLP-0041,content/sets-functions-relations/arithmetization/arithmetization.tex,84,normal
include,OLP-0042,content/sets-functions-relations/arithmetization/integers.tex,85,normal
include,OLP-0043,content/sets-functions-relations/arithmetization/rationals.tex,87,normal
include,OLP-0044,content/sets-functions-relations/arithmetization/reals.tex,88,normal
include,OLP-0045,content/sets-functions-relations/arithmetization/cuts.tex,89,normal
include,OLP-0046,content/sets-functions-relations/arithmetization/reflections.tex,91,normal
include,OLP-0047,content/sets-functions-relations/arithmetization/checking-details.tex,93,normal
include,OLP-0048,content/sets-functions-relations/arithmetization/cauchy.tex,96,normal
include,OLP-0049,content/sets-functions-relations/infinite/infinite.tex,100,normal
include,OLP-0050,content/sets-functions-relations/infinite/hilberts-hotel.tex,101,normal
include,OLP-0051,content/sets-functions-relations/infinite/dedekind-algebra.tex,102,normal
include,OLP-0052,content/sets-functions-relations/infinite/dedekind-induction.tex,104,normal
include,OLP-0053,content/sets-functions-relations/infinite/dedekinds-proof.tex,105,normal
include,OLP-0054,content/sets-functions-relations/infinite/card-sb.tex,107,normal
include,OLP-0055,content/propositional-logic/propositional-logic.tex,108,normal
include,OLP-0056,content/propositional-logic/syntax-and-semantics/syntax-and-semantics.tex,110,normal
include,OLP-0057,content/propositional-logic/syntax-and-semantics/introduction.tex,111,normal
include,OLP-0058,content/propositional-logic/syntax-and-semantics/formulas.tex,112,normal
include,OLP-0059,content/propositional-logic/syntax-and-semantics/preliminaries.tex,114,normal
include,OLP-0060,content/propositional-logic/syntax-and-semantics/formation-sequences.tex,115,normal
include,OLP-0061,content/propositional-logic/syntax-and-semantics/valuations-sat.tex,117,normal
include,OLP-0062,content/propositional-logic/syntax-and-semantics/semantic-notions.tex,119,normal
include,OLP-0063,content/first-order-logic/proof-systems/proof-systems.tex,121,normal
include,OLP-0064,content/first-order-logic/proof-systems/introduction.tex,122,normal
include,OLP-0065,content/first-order-logic/proof-systems/sequent-calculus.tex,123,normal
include,OLP-0066,content/first-order-logic/proof-systems/natural-deduction.tex,124,normal
include,OLP-0067,content/first-order-logic/proof-systems/tableaux.tex,126,normal
include,OLP-0068,content/first-order-logic/proof-systems/axiomatic-deduction.tex,127,normal
include,OLP-0069,content/first-order-logic/sequent-calculus/sequent-calculus.tex,128,normal
include,OLP-0070,content/first-order-logic/sequent-calculus/rules-and-proofs.tex,129,normal
include,OLP-0071,content/first-order-logic/sequent-calculus/propositional-rules.tex,130,normal
include,OLP-0073,content/first-order-logic/sequent-calculus/structural-rules.tex,131,normal
include,OLP-0074,content/first-order-logic/sequent-calculus/derivations.tex,132,normal
include,OLP-0075,content/first-order-logic/sequent-calculus/proving-things.tex,133,normal
include,OLP-0077,content/first-order-logic/sequent-calculus/proof-theoretic-notions.tex,137,normal
include,OLP-0078,content/first-order-logic/sequent-calculus/provability-consistency.tex,138,normal
include,OLP-0079,content/first-order-logic/sequent-calculus/provability-propositional.tex,140,normal
include,OLP-0081,content/first-order-logic/sequent-calculus/soundness.tex,141,normal
include,OLP-0084,content/first-order-logic/natural-deduction/natural-deduction.tex,147,normal
include,OLP-0085,content/first-order-logic/natural-deduction/rules-and-proofs.tex,148,normal
include,OLP-0086,content/first-order-logic/natural-deduction/propositional-rules.tex,148,normal
include,OLP-0088,content/first-order-logic/natural-deduction/derivations.tex,150,normal
include,OLP-0089,content/first-order-logic/natural-deduction/proving-things.tex,151,normal
include,OLP-0091,content/first-order-logic/natural-deduction/proof-theoretic-notions.tex,155,normal
include,OLP-0092,content/first-order-logic/natural-deduction/provability-consistency.tex,157,normal
include,OLP-0093,content/first-order-logic/natural-deduction/provability-propositional.tex,158,normal
include,OLP-0095,content/first-order-logic/natural-deduction/soundness.tex,159,normal
include,OLP-0098,content/first-order-logic/tableaux/tableaux.tex,164,normal
include,OLP-0099,content/first-order-logic/tableaux/rules-and-proofs.tex,165,normal
include,OLP-0100,content/first-order-logic/tableaux/propositional-rules.tex,166,normal
include,OLP-0102,content/first-order-logic/tableaux/derivations.tex,167,normal
include,OLP-0103,content/first-order-logic/tableaux/proving-things.tex,168,normal
include,OLP-0105,content/first-order-logic/tableaux/proof-theoretic-notions.tex,172,normal
include,OLP-0106,content/first-order-logic/tableaux/provability-consistency.tex,174,normal
include,OLP-0107,content/first-order-logic/tableaux/provability-propositional.tex,176,normal
include,OLP-0109,content/first-order-logic/tableaux/soundness.tex,178,normal
include,OLP-0112,content/first-order-logic/axiomatic-deduction/axiomatic-deduction.tex,182,normal
include,OLP-0113,content/first-order-logic/axiomatic-deduction/rules-and-proofs.tex,183,normal
include,OLP-0114,content/first-order-logic/axiomatic-deduction/axioms-rules-propositional.tex,184,normal
include,OLP-0116,content/first-order-logic/axiomatic-deduction/proving-things.tex,185,normal
include,OLP-0118,content/first-order-logic/axiomatic-deduction/proof-theoretic-notions.tex,187,normal
include,OLP-0119,content/first-order-logic/axiomatic-deduction/deduction-theorem.tex,188,normal
include,OLP-0121,content/first-order-logic/axiomatic-deduction/provability-consistency.tex,190,normal
include,OLP-0122,content/first-order-logic/axiomatic-deduction/provability-propositional.tex,191,normal
include,OLP-0124,content/first-order-logic/axiomatic-deduction/soundness.tex,191,normal
include,OLP-0126,content/first-order-logic/completeness/completeness.tex,193,normal
include,OLP-0127,content/first-order-logic/completeness/introduction.tex,194,normal
include,OLP-0128,content/first-order-logic/completeness/outline.tex,195,normal
include,OLP-0129,content/first-order-logic/completeness/complete-consistent-sets.tex,196,normal
include,OLP-0131,content/first-order-logic/completeness/lindenbaums-lemma.tex,197,normal
include,OLP-0132,content/first-order-logic/completeness/construction-of-model.tex,198,normal
include,OLP-0134,content/first-order-logic/completeness/completeness-thm.tex,199,normal
include,OLP-0135,content/first-order-logic/completeness/compactness.tex,200,normal
include,OLP-0136,content/first-order-logic/completeness/compactness-direct.tex,201,normal
include,OLP-0138,content/first-order-logic/first-order-logic.tex,202,normal
include,OLP-0139,content/first-order-logic/introduction/introduction.tex,204,normal
include,OLP-0140,content/first-order-logic/introduction/first-order-logic.tex,205,normal
include,OLP-0141,content/first-order-logic/introduction/syntax.tex,206,normal
include,OLP-0142,content/first-order-logic/introduction/formulas.tex,207,normal
include,OLP-0143,content/first-order-logic/introduction/satisfaction.tex,208,normal
include,OLP-0144,content/first-order-logic/introduction/sentences.tex,210,normal
include,OLP-0145,content/first-order-logic/introduction/semantic-notions.tex,211,normal
include,OLP-0146,content/first-order-logic/introduction/substitution.tex,211,normal
include,OLP-0147,content/first-order-logic/introduction/models-theories.tex,212,normal
include,OLP-0148,content/first-order-logic/introduction/soundness-completeness.tex,213,normal
include,OLP-0149,content/first-order-logic/syntax-and-semantics/syntax.tex,214,normal
include,OLP-0150,content/first-order-logic/syntax-and-semantics/intro-syntax.tex,215,normal
include,OLP-0151,content/first-order-logic/syntax-and-semantics/first-order-languages.tex,215,normal
include,OLP-0152,content/first-order-logic/syntax-and-semantics/terms-formulas.tex,217,normal
include,OLP-0153,content/first-order-logic/syntax-and-semantics/unique-readability.tex,219,normal
include,OLP-0154,content/first-order-logic/syntax-and-semantics/main-operator.tex,222,normal
include,OLP-0155,content/first-order-logic/syntax-and-semantics/subformulas.tex,223,normal
include,OLP-0156,content/first-order-logic/syntax-and-semantics/formation-sequences.tex,224,normal
include,OLP-0157,content/first-order-logic/syntax-and-semantics/free-vars-sentences.tex,228,normal
include,OLP-0158,content/first-order-logic/syntax-and-semantics/substitution.tex,229,normal
include,OLP-0159,content/first-order-logic/syntax-and-semantics/semantics.tex,231,normal
include,OLP-0160,content/first-order-logic/syntax-and-semantics/intro-semantics.tex,232,normal
include,OLP-0161,content/first-order-logic/syntax-and-semantics/structures.tex,232,normal
include,OLP-0162,content/first-order-logic/syntax-and-semantics/covered-structures.tex,234,normal
include,OLP-0163,content/first-order-logic/syntax-and-semantics/satisfaction.tex,235,normal
include,OLP-0164,content/first-order-logic/syntax-and-semantics/assignments.tex,240,normal
include,OLP-0165,content/first-order-logic/syntax-and-semantics/extensionality.tex,243,normal
include,OLP-0166,content/first-order-logic/syntax-and-semantics/semantic-notions.tex,245,normal
include,OLP-0167,content/first-order-logic/models-theories/models-theories.tex,248,normal
include,OLP-0168,content/first-order-logic/models-theories/introduction.tex,249,normal
include,OLP-0169,content/first-order-logic/models-theories/expressing-props-of-structures.tex,250,normal
include,OLP-0170,content/first-order-logic/models-theories/theories.tex,251,normal
include,OLP-0171,content/first-order-logic/models-theories/expressing-relations.tex,254,normal
include,OLP-0172,content/first-order-logic/models-theories/set-theory.tex,255,normal
include,OLP-0173,content/first-order-logic/models-theories/size-of-structures.tex,257,normal
include,OLP-0063,content/first-order-logic/proof-systems/proof-systems.tex,259,normal
include,OLP-0064,content/first-order-logic/proof-systems/introduction.tex,260,normal
include,OLP-0065,content/first-order-logic/proof-systems/sequent-calculus.tex,261,normal
include,OLP-0066,content/first-order-logic/proof-systems/natural-deduction.tex,262,normal
include,OLP-0067,content/first-order-logic/proof-systems/tableaux.tex,264,normal
include,OLP-0068,content/first-order-logic/proof-systems/axiomatic-deduction.tex,265,normal
include,OLP-0069,content/first-order-logic/sequent-calculus/sequent-calculus.tex,266,normal
include,OLP-0070,content/first-order-logic/sequent-calculus/rules-and-proofs.tex,267,normal
include,OLP-0071,content/first-order-logic/sequent-calculus/propositional-rules.tex,268,normal
include,OLP-0072,content/first-order-logic/sequent-calculus/quantifier-rules.tex,269,normal
include,OLP-0073,content/first-order-logic/sequent-calculus/structural-rules.tex,270,normal
include,OLP-0074,content/first-order-logic/sequent-calculus/derivations.tex,271,normal
include,OLP-0075,content/first-order-logic/sequent-calculus/proving-things.tex,272,normal
include,OLP-0076,content/first-order-logic/sequent-calculus/proving-things-quant.tex,276,normal
include,OLP-0077,content/first-order-logic/sequent-calculus/proof-theoretic-notions.tex,277,normal
include,OLP-0078,content/first-order-logic/sequent-calculus/provability-consistency.tex,279,normal
include,OLP-0079,content/first-order-logic/sequent-calculus/provability-propositional.tex,280,normal
include,OLP-0080,content/first-order-logic/sequent-calculus/provability-quantifiers.tex,282,normal
include,OLP-0081,content/first-order-logic/sequent-calculus/soundness.tex,282,normal
include,OLP-0082,content/first-order-logic/sequent-calculus/identity.tex,288,normal
include,OLP-0083,content/first-order-logic/sequent-calculus/soundness-identity.tex,288,normal
include,OLP-0084,content/first-order-logic/natural-deduction/natural-deduction.tex,291,normal
include,OLP-0085,content/first-order-logic/natural-deduction/rules-and-proofs.tex,292,normal
include,OLP-0086,content/first-order-logic/natural-deduction/propositional-rules.tex,292,normal
include,OLP-0087,content/first-order-logic/natural-deduction/quantifier-rules.tex,294,normal
include,OLP-0088,content/first-order-logic/natural-deduction/derivations.tex,295,normal
include,OLP-0089,content/first-order-logic/natural-deduction/proving-things.tex,297,normal
include,OLP-0090,content/first-order-logic/natural-deduction/proving-things-quant.tex,300,normal
include,OLP-0091,content/first-order-logic/natural-deduction/proof-theoretic-notions.tex,304,normal
include,OLP-0092,content/first-order-logic/natural-deduction/provability-consistency.tex,306,normal
include,OLP-0093,content/first-order-logic/natural-deduction/provability-propositional.tex,307,normal
include,OLP-0094,content/first-order-logic/natural-deduction/provability-quantifiers.tex,308,normal
include,OLP-0095,content/first-order-logic/natural-deduction/soundness.tex,309,normal
include,OLP-0096,content/first-order-logic/natural-deduction/identity.tex,313,normal
include,OLP-0097,content/first-order-logic/natural-deduction/soundness-identity.tex,315,normal
include,OLP-0098,content/first-order-logic/tableaux/tableaux.tex,317,normal
include,OLP-0099,content/first-order-logic/tableaux/rules-and-proofs.tex,318,normal
include,OLP-0100,content/first-order-logic/tableaux/propositional-rules.tex,319,normal
include,OLP-0101,content/first-order-logic/tableaux/quantifier-rules.tex,320,normal
include,OLP-0102,content/first-order-logic/tableaux/derivations.tex,321,normal
include,OLP-0103,content/first-order-logic/tableaux/proving-things.tex,322,normal
include,OLP-0104,content/first-order-logic/tableaux/proving-things-quant.tex,326,normal
include,OLP-0105,content/first-order-logic/tableaux/proof-theoretic-notions.tex,330,normal
include,OLP-0106,content/first-order-logic/tableaux/provability-consistency.tex,332,normal
include,OLP-0107,content/first-order-logic/tableaux/provability-propositional.tex,334,normal
include,OLP-0108,content/first-order-logic/tableaux/provability-quantifiers.tex,336,normal
include,OLP-0109,content/first-order-logic/tableaux/soundness.tex,337,normal
include,OLP-0110,content/first-order-logic/tableaux/identity.tex,340,normal
include,OLP-0111,content/first-order-logic/tableaux/soundness-identity.tex,341,normal
include,OLP-0112,content/first-order-logic/axiomatic-deduction/axiomatic-deduction.tex,343,normal
include,OLP-0113,content/first-order-logic/axiomatic-deduction/rules-and-proofs.tex,344,normal
include,OLP-0114,content/first-order-logic/axiomatic-deduction/axioms-rules-propositional.tex,345,normal
include,OLP-0115,content/first-order-logic/axiomatic-deduction/axioms-rules-quantifiers.tex,346,normal
include,OLP-0116,content/first-order-logic/axiomatic-deduction/proving-things.tex,346,normal
include,OLP-0117,content/first-order-logic/axiomatic-deduction/proving-things-quant.tex,348,normal
include,OLP-0118,content/first-order-logic/axiomatic-deduction/proof-theoretic-notions.tex,349,normal
include,OLP-0119,content/first-order-logic/axiomatic-deduction/deduction-theorem.tex,350,normal
include,OLP-0120,content/first-order-logic/axiomatic-deduction/deduction-theorem-quantifiers.tex,352,normal
include,OLP-0121,content/first-order-logic/axiomatic-deduction/provability-consistency.tex,353,normal
include,OLP-0122,content/first-order-logic/axiomatic-deduction/provability-propositional.tex,354,normal
include,OLP-0123,content/first-order-logic/axiomatic-deduction/provability-quantifiers.tex,354,normal
include,OLP-0124,content/first-order-logic/axiomatic-deduction/soundness.tex,355,normal
include,OLP-0125,content/first-order-logic/axiomatic-deduction/identity.tex,356,normal
include,OLP-0126,content/first-order-logic/completeness/completeness.tex,357,normal
include,OLP-0127,content/first-order-logic/completeness/introduction.tex,358,normal
include,OLP-0128,content/first-order-logic/completeness/outline.tex,359,normal
include,OLP-0129,content/first-order-logic/completeness/complete-consistent-sets.tex,361,normal
include,OLP-0130,content/first-order-logic/completeness/henkin-expansions.tex,363,normal
include,OLP-0131,content/first-order-logic/completeness/lindenbaums-lemma.tex,365,normal
include,OLP-0132,content/first-order-logic/completeness/construction-of-model.tex,366,normal
include,OLP-0133,content/first-order-logic/completeness/identity.tex,368,normal
include,OLP-0134,content/first-order-logic/completeness/completeness-thm.tex,371,normal
include,OLP-0135,content/first-order-logic/completeness/compactness.tex,372,normal
include,OLP-0136,content/first-order-logic/completeness/compactness-direct.tex,374,normal
include,OLP-0137,content/first-order-logic/completeness/downward-ls.tex,375,normal
include,OLP-0174,content/first-order-logic/beyond/beyond.tex,377,normal
include,OLP-0175,content/first-order-logic/beyond/introduction.tex,378,normal
include,OLP-0176,content/first-order-logic/beyond/many-sorted-logic.tex,379,normal
include,OLP-0177,content/first-order-logic/beyond/second-order-logic.tex,380,normal
include,OLP-0178,content/first-order-logic/beyond/higher-order-logic.tex,384,normal
include,OLP-0179,content/first-order-logic/beyond/intuitionistic-logic.tex,386,normal
include,OLP-0180,content/first-order-logic/beyond/modal-logics.tex,390,normal
include,OLP-0181,content/first-order-logic/beyond/other-logics.tex,391,normal
include,OLP-0182,content/model-theory/model-theory.tex,392,normal
include,OLP-0183,content/model-theory/basics/basics.tex,394,normal
include,OLP-0184,content/model-theory/basics/reducts-and-expansions.tex,395,normal
include,OLP-0185,content/model-theory/basics/substructures.tex,395,normal
include,OLP-0186,content/model-theory/basics/overspill.tex,396,normal
include,OLP-0187,content/model-theory/basics/isomorphism.tex,396,normal
include,OLP-0188,content/model-theory/basics/theory-of-m.tex,398,normal
include,OLP-0189,content/model-theory/basics/partial-iso.tex,399,normal
include,OLP-0190,content/model-theory/basics/dlo.tex,402,normal
include,OLP-0191,content/model-theory/models-of-arithmetic/models-of-arithmetic.tex,403,normal
include,OLP-0192,content/model-theory/models-of-arithmetic/introduction.tex,404,normal
include,OLP-0193,content/model-theory/models-of-arithmetic/standard-models.tex,405,normal
include,OLP-0194,content/model-theory/models-of-arithmetic/non-standard-models.tex,407,normal
include,OLP-0195,content/model-theory/models-of-arithmetic/models-of-q.tex,408,normal
include,OLP-0196,content/model-theory/models-of-arithmetic/models-of-pa.tex,410,normal
include,OLP-0197,content/model-theory/models-of-arithmetic/computable-models.tex,413,normal
include,OLP-0198,content/model-theory/interpolation/interpolation.tex,416,normal
include,OLP-0199,content/model-theory/interpolation/introduction.tex,417,normal
include,OLP-0200,content/model-theory/interpolation/separation.tex,417,normal
include,OLP-0201,content/model-theory/interpolation/interpolation-proof.tex,418,normal
include,OLP-0202,content/model-theory/interpolation/definability.tex,421,normal
include,OLP-0203,content/model-theory/lindstrom/lindstrom.tex,422,normal
include,OLP-0204,content/model-theory/lindstrom/introduction.tex,423,normal
include,OLP-0205,content/model-theory/lindstrom/abstract-logics.tex,423,normal
include,OLP-0206,content/model-theory/lindstrom/ls-property.tex,425,normal
include,OLP-0207,content/model-theory/lindstrom/lindstrom-proof.tex,426,normal
include,OLP-0208,content/computability/computability.tex,428,normal
include,OLP-0209,content/computability/recursive-functions/recursive-functions.tex,430,normal
include,OLP-0210,content/computability/recursive-functions/introduction.tex,431,normal
include,OLP-0211,content/computability/recursive-functions/primitive-recursion.tex,432,normal
include,OLP-0212,content/computability/recursive-functions/composition.tex,434,normal
include,OLP-0213,content/computability/recursive-functions/pr-functions.tex,435,normal
include,OLP-0214,content/computability/recursive-functions/notation-pr-functions.tex,438,normal
include,OLP-0215,content/computability/recursive-functions/pr-functions-computable.tex,438,normal
include,OLP-0216,content/computability/recursive-functions/examples.tex,439,normal
include,OLP-0217,content/computability/recursive-functions/pr-relations.tex,442,normal
include,OLP-0218,content/computability/recursive-functions/bounded-minimization.tex,444,normal
include,OLP-0219,content/computability/recursive-functions/primes.tex,445,normal
include,OLP-0220,content/computability/recursive-functions/sequences.tex,446,normal
include,OLP-0221,content/computability/recursive-functions/trees.tex,449,normal
include,OLP-0222,content/computability/recursive-functions/other-recursions.tex,450,normal
include,OLP-0223,content/computability/recursive-functions/non-pr-functions.tex,451,normal
include,OLP-0224,content/computability/recursive-functions/partial-functions.tex,452,normal
include,OLP-0225,content/computability/recursive-functions/normal-form.tex,454,normal
include,OLP-0226,content/computability/recursive-functions/halting-problem.tex,455,normal
include,OLP-0227,content/computability/recursive-functions/general-recursive-functions.tex,456,normal
include,OLP-0228,content/computability/computability-theory/computability-theory.tex,458,normal
include,OLP-0229,content/computability/computability-theory/introduction.tex,459,normal
include,OLP-0230,content/computability/computability-theory/coding-computations.tex,460,normal
include,OLP-0231,content/computability/computability-theory/normal-form.tex,460,normal
include,OLP-0232,content/computability/computability-theory/s-m-n.tex,462,normal
include,OLP-0233,content/computability/computability-theory/universal-part-function.tex,462,normal
include,OLP-0234,content/computability/computability-theory/no-universal-function.tex,463,normal
include,OLP-0235,content/computability/computability-theory/halting-problem.tex,463,normal
include,OLP-0236,content/computability/computability-theory/russells-paradox.tex,465,normal
include,OLP-0237,content/computability/computability-theory/computable-sets.tex,466,normal
include,OLP-0238,content/computability/computability-theory/ce-sets.tex,467,normal
include,OLP-0239,content/computability/computability-theory/equiv-ce-defs.tex,467,normal
include,OLP-0240,content/computability/computability-theory/non-comp-set.tex,470,normal
include,OLP-0241,content/computability/computability-theory/ce-closed-cup-cap.tex,470,normal
include,OLP-0242,content/computability/computability-theory/complement-ce.tex,472,normal
include,OLP-0243,content/computability/computability-theory/reducibility.tex,472,normal
include,OLP-0244,content/computability/computability-theory/prop-reduce.tex,473,normal
include,OLP-0245,content/computability/computability-theory/complete-ce-sets.tex,475,normal
include,OLP-0246,content/computability/computability-theory/k-1.tex,476,normal
include,OLP-0247,content/computability/computability-theory/total.tex,477,normal
include,OLP-0248,content/computability/computability-theory/rice-theorem.tex,477,normal
include,OLP-0249,content/computability/computability-theory/fixed-point-thm.tex,479,normal
include,OLP-0250,content/computability/computability-theory/application-fixed-point.tex,483,normal
include,OLP-0251,content/computability/computability-theory/def-functions-self-reference.tex,484,normal
include,OLP-0252,content/turing-machines/turing-machines.tex,485,normal
include,OLP-0253,content/turing-machines/machines-computations/machines-computations.tex,487,normal
include,OLP-0254,content/turing-machines/machines-computations/introduction.tex,487,normal
include,OLP-0255,content/turing-machines/machines-computations/representing-tms.tex,489,normal
include,OLP-0256,content/turing-machines/machines-computations/turing-machines.tex,492,normal
include,OLP-0257,content/turing-machines/machines-computations/configuration.tex,493,normal
include,OLP-0258,content/turing-machines/machines-computations/unary-numbers.tex,494,normal
include,OLP-0259,content/turing-machines/machines-computations/halting-states.tex,497,normal
include,OLP-0260,content/turing-machines/machines-computations/disciplined-machines.tex,498,normal
include,OLP-0261,content/turing-machines/machines-computations/combining-machines.tex,499,normal
include,OLP-0262,content/turing-machines/machines-computations/variants.tex,502,normal
include,OLP-0263,content/turing-machines/machines-computations/church-turing-thesis.tex,503,normal
include,OLP-0264,content/turing-machines/undecidability/undecidability.tex,506,normal
include,OLP-0265,content/turing-machines/undecidability/introduction.tex,507,normal
include,OLP-0266,content/turing-machines/undecidability/enumerating-tms.tex,508,normal
include,OLP-0267,content/turing-machines/undecidability/universal-tm.tex,511,normal
include,OLP-0268,content/turing-machines/undecidability/halting-problem.tex,513,normal
include,OLP-0269,content/turing-machines/undecidability/decision-problem.tex,514,normal
include,OLP-0270,content/turing-machines/undecidability/representing-tms.tex,515,normal
include,OLP-0271,content/turing-machines/undecidability/verification.tex,518,normal
include,OLP-0272,content/turing-machines/undecidability/unsolvability-decision-problem.tex,523,normal
include,OLP-0273,content/turing-machines/undecidability/trakhtenbrot.tex,524,normal
include,OLP-0274,content/incompleteness/incompleteness.tex,528,normal
include,OLP-0275,content/incompleteness/introduction/introduction.tex,530,normal
include,OLP-0276,content/incompleteness/introduction/historical-background.tex,531,normal
include,OLP-0277,content/incompleteness/introduction/definitions.tex,535,normal
include,OLP-0278,content/incompleteness/introduction/overview.tex,540,normal
include,OLP-0279,content/incompleteness/introduction/undecidability.tex,541,normal
include,OLP-0280,content/incompleteness/arithmetization-syntax/arithmetization-syntax.tex,543,normal
include,OLP-0281,content/incompleteness/arithmetization-syntax/introduction.tex,544,normal
include,OLP-0282,content/incompleteness/arithmetization-syntax/coding-symbols.tex,545,normal
include,OLP-0283,content/incompleteness/arithmetization-syntax/coding-terms.tex,547,normal
include,OLP-0284,content/incompleteness/arithmetization-syntax/coding-formulas.tex,548,normal
include,OLP-0285,content/incompleteness/arithmetization-syntax/substitution.tex,549,normal
include,OLP-0286,content/incompleteness/arithmetization-syntax/proofs-in-lk.tex,550,normal
include,OLP-0287,content/incompleteness/arithmetization-syntax/proofs-in-nd.tex,554,normal
include,OLP-0288,content/incompleteness/arithmetization-syntax/proofs-in-ax.tex,558,normal
include,OLP-0289,content/incompleteness/representability-in-q/representability-in-q.tex,563,normal
include,OLP-0290,content/incompleteness/representability-in-q/introduction.tex,564,normal
include,OLP-0291,content/incompleteness/representability-in-q/representable-comp.tex,566,normal
include,OLP-0292,content/incompleteness/representability-in-q/beta-function.tex,567,normal
include,OLP-0293,content/incompleteness/representability-in-q/prim-rec.tex,570,normal
include,OLP-0294,content/incompleteness/representability-in-q/basic-representable.tex,571,normal
include,OLP-0295,content/incompleteness/representability-in-q/composition-representable.tex,574,normal
include,OLP-0296,content/incompleteness/representability-in-q/minimization-representable.tex,575,normal
include,OLP-0297,content/incompleteness/representability-in-q/comp-representable.tex,579,normal
include,OLP-0298,content/incompleteness/representability-in-q/representing-relations.tex,580,normal
include,OLP-0299,content/incompleteness/representability-in-q/undecidability.tex,580,normal
include,OLP-0300,content/incompleteness/representability-in-q/sigma1-completeness.tex,581,normal
include,OLP-0301,content/incompleteness/theories-computability/theories-computability.tex,585,normal
include,OLP-0302,content/incompleteness/theories-computability/introduction.tex,586,normal
include,OLP-0303,content/incompleteness/theories-computability/q-is-ce.tex,586,normal
include,OLP-0304,content/incompleteness/theories-computability/oconsis-ext-of-q-undec.tex,587,normal
include,OLP-0305,content/incompleteness/theories-computability/extensions-of-q-not-decidable.tex,588,normal
include,OLP-0306,content/incompleteness/theories-computability/computably-axiomatizable.tex,589,normal
include,OLP-0307,content/incompleteness/theories-computability/complete-decidable.tex,589,normal
include,OLP-0308,content/incompleteness/theories-computability/first-incompleteness.tex,590,normal
include,OLP-0309,content/incompleteness/theories-computability/inseparability.tex,590,normal
include,OLP-0310,content/incompleteness/theories-computability/consis-with-q.tex,591,normal
include,OLP-0311,content/incompleteness/theories-computability/interpretability.tex,591,normal
include,OLP-0312,content/incompleteness/incompleteness-provability/incompleteness-provability.tex,592,normal
include,OLP-0313,content/incompleteness/incompleteness-provability/introduction.tex,593,normal
include,OLP-0314,content/incompleteness/incompleteness-provability/fixed-point-lemma.tex,594,normal
include,OLP-0315,content/incompleteness/incompleteness-provability/first-incompleteness-thm.tex,596,normal
include,OLP-0316,content/incompleteness/incompleteness-provability/rosser-thm.tex,598,normal
include,OLP-0317,content/incompleteness/incompleteness-provability/godels-paper.tex,600,normal
include,OLP-0318,content/incompleteness/incompleteness-provability/provability-conditions.tex,600,normal
include,OLP-0319,content/incompleteness/incompleteness-provability/second-incompleteness-thm.tex,601,normal
include,OLP-0320,content/incompleteness/incompleteness-provability/lob-thm.tex,604,normal
include,OLP-0321,content/incompleteness/incompleteness-provability/tarski-thm.tex,606,normal
include,OLP-0322,content/second-order-logic/second-order-logic.tex,609,normal
include,OLP-0323,content/second-order-logic/syntax-and-semantics/syntax-and-semantics.tex,611,normal
include,OLP-0324,content/second-order-logic/syntax-and-semantics/introduction.tex,612,normal
include,OLP-0325,content/second-order-logic/syntax-and-semantics/terms-formulas.tex,613,normal
include,OLP-0326,content/second-order-logic/syntax-and-semantics/satisfaction.tex,614,normal
include,OLP-0327,content/second-order-logic/syntax-and-semantics/semantic-notions.tex,617,normal
include,OLP-0328,content/second-order-logic/syntax-and-semantics/expressive-power.tex,617,normal
include,OLP-0329,content/second-order-logic/syntax-and-semantics/inf-count.tex,618,normal
include,OLP-0330,content/second-order-logic/metatheory/metatheory.tex,620,normal
include,OLP-0331,content/second-order-logic/metatheory/introduction.tex,621,normal
include,OLP-0332,content/second-order-logic/metatheory/second-order-arithmetic.tex,621,normal
include,OLP-0333,content/second-order-logic/metatheory/undecidability-and-axiomatizability.tex,623,normal
include,OLP-0334,content/second-order-logic/metatheory/compactness.tex,624,normal
include,OLP-0335,content/second-order-logic/metatheory/loewenheim-skolem.tex,625,normal
include,OLP-0336,content/second-order-logic/sol-and-set-theory/sol-and-set-theory.tex,625,normal
include,OLP-0337,content/second-order-logic/sol-and-set-theory/introduction.tex,626,normal
include,OLP-0338,content/second-order-logic/sol-and-set-theory/comparing-sets.tex,626,normal
include,OLP-0339,content/second-order-logic/sol-and-set-theory/cardinalities.tex,627,normal
include,OLP-0340,content/second-order-logic/sol-and-set-theory/power-of-continuum.tex,628,normal
include,OLP-0341,content/lambda-calculus/lambda-calculus.tex,630,normal
include,OLP-0342,content/lambda-calculus/introduction/introduction.tex,632,normal
include,OLP-0343,content/lambda-calculus/introduction/overview.tex,633,normal
include,OLP-0344,content/lambda-calculus/introduction/syntax.tex,634,normal
include,OLP-0345,content/lambda-calculus/introduction/reduction.tex,635,normal
include,OLP-0346,content/lambda-calculus/introduction/church-rosser.tex,636,normal
include,OLP-0347,content/lambda-calculus/introduction/currying.tex,637,normal
include,OLP-0348,content/lambda-calculus/introduction/lambda-definability.tex,638,normal
include,OLP-0349,content/lambda-calculus/introduction/lambda-computable.tex,639,normal
include,OLP-0350,content/lambda-calculus/introduction/computable-lambda.tex,639,normal
include,OLP-0351,content/lambda-calculus/introduction/basic-pr-lambda.tex,640,normal
include,OLP-0352,content/lambda-calculus/introduction/composition.tex,640,normal
include,OLP-0353,content/lambda-calculus/introduction/primitive-recursion.tex,640,normal
include,OLP-0354,content/lambda-calculus/introduction/fixed-point-combinator.tex,643,normal
include,OLP-0355,content/lambda-calculus/introduction/minimization.tex,643,normal
include,OLP-0356,content/lambda-calculus/syntax/syntax.tex,644,normal
include,OLP-0357,content/lambda-calculus/syntax/terms.tex,645,normal
include,OLP-0358,content/lambda-calculus/syntax/unique-readability.tex,645,normal
include,OLP-0359,content/lambda-calculus/syntax/abbreviated-syntax.tex,647,normal
include,OLP-0360,content/lambda-calculus/syntax/free-variables.tex,647,normal
include,OLP-0361,content/lambda-calculus/syntax/substitution.tex,648,normal
include,OLP-0362,content/lambda-calculus/syntax/alpha.tex,651,normal
include,OLP-0363,content/lambda-calculus/syntax/de-bruijn.tex,654,normal
include,OLP-0364,content/lambda-calculus/syntax/term-revisited.tex,656,normal
include,OLP-0365,content/lambda-calculus/syntax/beta.tex,657,normal
include,OLP-0366,content/lambda-calculus/syntax/eta.tex,659,normal
include,OLP-0367,content/lambda-calculus/church-rosser/church-rosser.tex,661,normal
include,OLP-0368,content/lambda-calculus/church-rosser/definitions-and-properties.tex,662,normal
include,OLP-0369,content/lambda-calculus/church-rosser/parallel-beta-reduction.tex,663,normal
include,OLP-0370,content/lambda-calculus/church-rosser/beta-reduction.tex,665,normal
include,OLP-0371,content/lambda-calculus/church-rosser/parallel-beta-eta-reduction.tex,667,normal
include,OLP-0372,content/lambda-calculus/church-rosser/beta-eta-reduction.tex,668,normal
include,OLP-0373,content/lambda-calculus/lambda-definability/lambda-definability.tex,669,normal
include,OLP-0374,content/lambda-calculus/lambda-definability/introduction.tex,670,normal
include,OLP-0375,content/lambda-calculus/lambda-definability/arithmetical-functions.tex,671,normal
include,OLP-0376,content/lambda-calculus/lambda-definability/pairs.tex,673,normal
include,OLP-0377,content/lambda-calculus/lambda-definability/truth-values.tex,674,normal
include,OLP-0378,content/lambda-calculus/lambda-definability/primitive-recursive-functions.tex,675,normal
include,OLP-0379,content/lambda-calculus/lambda-definability/fixpoints.tex,677,normal
include,OLP-0380,content/lambda-calculus/lambda-definability/minimization.tex,680,normal
include,OLP-0381,content/lambda-calculus/lambda-definability/partial-recursive-functions.tex,681,normal
include,OLP-0382,content/lambda-calculus/lambda-definability/lambda-definable-recursive.tex,681,normal
include,OLP-0383,content/many-valued-logic/many-valued-logic.tex,683,normal
include,OLP-0384,content/many-valued-logic/syntax-and-semantics/syntax-and-semantics.tex,685,normal
include,OLP-0385,content/many-valued-logic/syntax-and-semantics/introduction.tex,686,normal
include,OLP-0386,content/many-valued-logic/syntax-and-semantics/connectives.tex,687,normal
include,OLP-0387,content/many-valued-logic/syntax-and-semantics/formulas.tex,687,normal
include,OLP-0388,content/many-valued-logic/syntax-and-semantics/matrices.tex,688,normal
include,OLP-0389,content/many-valued-logic/syntax-and-semantics/valuations-sat.tex,688,normal
include,OLP-0390,content/many-valued-logic/syntax-and-semantics/semantic-notions.tex,689,normal
include,OLP-0391,content/many-valued-logic/syntax-and-semantics/sublogics.tex,690,normal
include,OLP-0392,content/many-valued-logic/three-valued-logics/three-valued-logics.tex,691,normal
include,OLP-0393,content/many-valued-logic/three-valued-logics/introduction.tex,692,normal
include,OLP-0394,content/many-valued-logic/three-valued-logics/lukasiewicz.tex,692,normal
include,OLP-0395,content/many-valued-logic/three-valued-logics/kleene.tex,695,normal
include,OLP-0396,content/many-valued-logic/three-valued-logics/goedel.tex,697,normal
include,OLP-0397,content/many-valued-logic/three-valued-logics/multiple-designation.tex,698,normal
include,OLP-0398,content/many-valued-logic/infinite-valued-logics/infinite-valued-logics.tex,702,normal
include,OLP-0399,content/many-valued-logic/infinite-valued-logics/introduction.tex,703,normal
include,OLP-0400,content/many-valued-logic/infinite-valued-logics/lukasiewicz.tex,703,normal
include,OLP-0401,content/many-valued-logic/infinite-valued-logics/goedel.tex,705,normal
include,OLP-0402,content/many-valued-logic/sequent-calculus/sequent-calculus.tex,706,normal
include,OLP-0403,content/many-valued-logic/sequent-calculus/introduction.tex,707,normal
include,OLP-0404,content/many-valued-logic/sequent-calculus/rules-and-proofs.tex,708,normal
include,OLP-0405,content/many-valued-logic/sequent-calculus/structural-rules.tex,709,normal
include,OLP-0406,content/many-valued-logic/sequent-calculus/propositional-rules.tex,709,normal
include,OLP-0407,content/normal-modal-logic/normal-modal-logic.tex,712,normal
include,OLP-0408,content/normal-modal-logic/syntax-and-semantics/syntax-and-semantics.tex,715,normal
include,OLP-0409,content/normal-modal-logic/syntax-and-semantics/introduction.tex,716,normal
include,OLP-0410,content/normal-modal-logic/syntax-and-semantics/language-modal-logic.tex,717,normal
include,OLP-0411,content/normal-modal-logic/syntax-and-semantics/substitution.tex,718,normal
include,OLP-0412,content/normal-modal-logic/syntax-and-semantics/relational-models.tex,720,normal
include,OLP-0413,content/normal-modal-logic/syntax-and-semantics/truth-at-w.tex,720,normal
include,OLP-0414,content/normal-modal-logic/syntax-and-semantics/truth-in-model.tex,722,normal
include,OLP-0415,content/normal-modal-logic/syntax-and-semantics/modal-validity.tex,723,normal
include,OLP-0416,content/normal-modal-logic/syntax-and-semantics/tautological-instances.tex,723,normal
include,OLP-0417,content/normal-modal-logic/syntax-and-semantics/schemas.tex,726,normal
include,OLP-0418,content/normal-modal-logic/syntax-and-semantics/entailment.tex,727,normal
include,OLP-0419,content/normal-modal-logic/frame-definability/frame-definability.tex,731,normal
include,OLP-0420,content/normal-modal-logic/frame-definability/introduction.tex,732,normal
include,OLP-0421,content/normal-modal-logic/frame-definability/properties-accessibility.tex,733,normal
include,OLP-0422,content/normal-modal-logic/frame-definability/frames.tex,734,normal
include,OLP-0423,content/normal-modal-logic/frame-definability/definability.tex,735,normal
include,OLP-0424,content/normal-modal-logic/frame-definability/first-order-definability.tex,738,normal
include,OLP-0425,content/normal-modal-logic/frame-definability/equivalence-S5.tex,739,normal
include,OLP-0426,content/normal-modal-logic/frame-definability/second-order-definability.tex,740,normal
include,OLP-0427,content/normal-modal-logic/axioms-systems/axioms-systems.tex,744,normal
include,OLP-0428,content/normal-modal-logic/axioms-systems/introduction.tex,745,normal
include,OLP-0429,content/normal-modal-logic/axioms-systems/normal-logics.tex,746,normal
include,OLP-0430,content/normal-modal-logic/axioms-systems/logics-proofs.tex,748,normal
include,OLP-0431,content/normal-modal-logic/axioms-systems/proofs-in-K.tex,749,normal
include,OLP-0432,content/normal-modal-logic/axioms-systems/derived-rules.tex,751,normal
include,OLP-0433,content/normal-modal-logic/axioms-systems/more-proofs-in-K.tex,753,normal
include,OLP-0434,content/normal-modal-logic/axioms-systems/duals.tex,754,normal
include,OLP-0435,content/normal-modal-logic/axioms-systems/proofs-modal-systems.tex,754,normal
include,OLP-0436,content/normal-modal-logic/axioms-systems/soundness.tex,756,normal
include,OLP-0437,content/normal-modal-logic/axioms-systems/systems-distinct.tex,757,normal
include,OLP-0438,content/normal-modal-logic/axioms-systems/provability-from-set.tex,758,normal
include,OLP-0439,content/normal-modal-logic/axioms-systems/provability-properties.tex,758,normal
include,OLP-0440,content/normal-modal-logic/axioms-systems/consistency.tex,759,normal
include,OLP-0441,content/normal-modal-logic/completeness/completeness.tex,760,normal
include,OLP-0442,content/normal-modal-logic/completeness/introduction.tex,761,normal
include,OLP-0443,content/normal-modal-logic/completeness/complete-consistent-sets.tex,762,normal
include,OLP-0444,content/normal-modal-logic/completeness/lindenbaums-lemma.tex,763,normal
include,OLP-0445,content/normal-modal-logic/completeness/modalities-ccs.tex,765,normal
include,OLP-0446,content/normal-modal-logic/completeness/canonical-models.tex,767,normal
include,OLP-0447,content/normal-modal-logic/completeness/truth-lemma.tex,767,normal
include,OLP-0448,content/normal-modal-logic/completeness/completeness-K.tex,769,normal
include,OLP-0449,content/normal-modal-logic/completeness/frame-completeness.tex,769,normal
include,OLP-0450,content/normal-modal-logic/filtrations/filtrations.tex,772,normal
include,OLP-0451,content/normal-modal-logic/filtrations/introduction.tex,773,normal
include,OLP-0452,content/normal-modal-logic/filtrations/preliminaries.tex,775,normal
include,OLP-0453,content/normal-modal-logic/filtrations/filtrations-def.tex,776,normal
include,OLP-0454,content/normal-modal-logic/filtrations/examples-of-filtrations.tex,778,normal
include,OLP-0455,content/normal-modal-logic/filtrations/finite.tex,780,normal
include,OLP-0456,content/normal-modal-logic/filtrations/S5-fmp.tex,780,normal
include,OLP-0457,content/normal-modal-logic/filtrations/S5-decidable.tex,781,normal
include,OLP-0458,content/normal-modal-logic/filtrations/more-filtrations.tex,782,normal
include,OLP-0459,content/normal-modal-logic/filtrations/euclidean-filtrations.tex,783,normal
include,OLP-0460,content/normal-modal-logic/tableaux/tableaux.tex,786,normal
include,OLP-0461,content/normal-modal-logic/tableaux/introduction.tex,787,normal
include,OLP-0462,content/normal-modal-logic/tableaux/rules-for-K.tex,788,normal
include,OLP-0463,content/normal-modal-logic/tableaux/proofs-in-K.tex,790,normal
include,OLP-0464,content/normal-modal-logic/tableaux/soundness.tex,791,normal
include,OLP-0465,content/normal-modal-logic/tableaux/more-rules.tex,794,normal
include,OLP-0466,content/normal-modal-logic/tableaux/more-soundness.tex,795,normal
include,OLP-0467,content/normal-modal-logic/tableaux/simple-S5.tex,797,normal
include,OLP-0468,content/normal-modal-logic/tableaux/completeness.tex,797,normal
include,OLP-0469,content/normal-modal-logic/tableaux/countermodels.tex,800,normal
include,OLP-0470,content/normal-modal-logic/sequent-calculus/sequent-calculus.tex,803,normal
include,OLP-0471,content/normal-modal-logic/sequent-calculus/introduction.tex,804,normal
include,OLP-0472,content/normal-modal-logic/sequent-calculus/rules-for-K.tex,804,normal
include,OLP-0473,content/normal-modal-logic/sequent-calculus/proofs-in-K.tex,805,normal
include,OLP-0474,content/normal-modal-logic/sequent-calculus/more-rules.tex,806,normal
include,OLP-0475,content/applied-modal-logic/applied-modal-logic.tex,808,normal
include,OLP-0476,content/applied-modal-logic/temporal-logic/temporal-logic.tex,810,normal
include,OLP-0477,content/applied-modal-logic/temporal-logic/introduction.tex,811,normal
include,OLP-0478,content/applied-modal-logic/temporal-logic/temporal-logic-semantics.tex,812,normal
include,OLP-0479,content/applied-modal-logic/temporal-logic/properties-accessibility.tex,814,normal
include,OLP-0480,content/applied-modal-logic/temporal-logic/extra-temporal-operators.tex,814,normal
include,OLP-0481,content/applied-modal-logic/temporal-logic/possible-histories.tex,815,normal
include,OLP-0482,content/applied-modal-logic/epistemic-logic/epistemic-logic.tex,816,normal
include,OLP-0483,content/applied-modal-logic/epistemic-logic/introduction.tex,817,normal
include,OLP-0484,content/applied-modal-logic/epistemic-logic/language-epistemic-logic.tex,818,normal
include,OLP-0485,content/applied-modal-logic/epistemic-logic/relational-models.tex,819,normal
include,OLP-0486,content/applied-modal-logic/epistemic-logic/truth-at-w.tex,820,normal
include,OLP-0487,content/applied-modal-logic/epistemic-logic/properties-accessibility.tex,821,normal
include,OLP-0488,content/applied-modal-logic/epistemic-logic/bisimulations.tex,822,normal
include,OLP-0489,content/applied-modal-logic/epistemic-logic/public-announcement-logic-lang.tex,823,normal
include,OLP-0490,content/applied-modal-logic/epistemic-logic/public-announcement-logic-semantics.tex,825,normal
include,OLP-0491,content/intuitionistic-logic/intuitionistic-logic.tex,827,normal
include,OLP-0492,content/intuitionistic-logic/introduction/introduction.tex,829,normal
include,OLP-0493,content/intuitionistic-logic/introduction/constructive-reasoning.tex,829,normal
include,OLP-0494,content/intuitionistic-logic/introduction/syntax.tex,830,normal
include,OLP-0495,content/intuitionistic-logic/introduction/bhk-interpretation.tex,831,normal
include,OLP-0496,content/intuitionistic-logic/introduction/natural-deduction.tex,834,normal
include,OLP-0497,content/intuitionistic-logic/introduction/axiomatic-derivations.tex,837,normal
include,OLP-0498,content/intuitionistic-logic/semantics/semantics.tex,838,normal
include,OLP-0499,content/intuitionistic-logic/semantics/introduction.tex,839,normal
include,OLP-0500,content/intuitionistic-logic/semantics/relational-models.tex,840,normal
include,OLP-0501,content/intuitionistic-logic/semantics/semantic-notions.tex,841,normal
include,OLP-0502,content/intuitionistic-logic/semantics/topological-semantics.tex,842,normal
include,OLP-0503,content/intuitionistic-logic/soundness-completeness/soundness-completeness.tex,843,normal
include,OLP-0504,content/intuitionistic-logic/soundness-completeness/soundness-axd.tex,844,normal
include,OLP-0505,content/intuitionistic-logic/soundness-completeness/soundness-nd.tex,845,normal
include,OLP-0506,content/intuitionistic-logic/soundness-completeness/lindenbaum.tex,846,normal
include,OLP-0507,content/intuitionistic-logic/soundness-completeness/canonical-model.tex,848,normal
include,OLP-0508,content/intuitionistic-logic/soundness-completeness/truth-lemma.tex,849,normal
include,OLP-0509,content/intuitionistic-logic/soundness-completeness/completeness-thm.tex,850,normal
include,OLP-0510,content/intuitionistic-logic/soundness-completeness/decidability.tex,850,normal
include,OLP-0511,content/intuitionistic-logic/tableaux/tableaux.tex,852,normal
include,OLP-0512,content/intuitionistic-logic/tableaux/introduction.tex,853,normal
include,OLP-0513,content/intuitionistic-logic/tableaux/rules.tex,854,normal
include,OLP-0514,content/intuitionistic-logic/tableaux/proofs.tex,855,normal
include,OLP-0515,content/intuitionistic-logic/tableaux/soundness.tex,856,normal
include,OLP-0516,content/counterfactuals/counterfactuals.tex,859,normal
include,OLP-0517,content/counterfactuals/introduction/introduction.tex,861,normal
include,OLP-0518,content/counterfactuals/introduction/material-conditional.tex,861,normal
include,OLP-0519,content/counterfactuals/introduction/paradoxes-material.tex,862,normal
include,OLP-0520,content/counterfactuals/introduction/strict-conditional.tex,863,normal
include,OLP-0521,content/counterfactuals/introduction/counterfactuals.tex,864,normal
include,OLP-0522,content/counterfactuals/minimal-change-semantics/minimal-change-semantics.tex,866,normal
include,OLP-0523,content/counterfactuals/minimal-change-semantics/introduction.tex,867,normal
include,OLP-0524,content/counterfactuals/minimal-change-semantics/sphere-models.tex,868,normal
include,OLP-0525,content/counterfactuals/minimal-change-semantics/true-false.tex,869,normal
include,OLP-0526,content/counterfactuals/minimal-change-semantics/antecedent-strengthening.tex,871,normal
include,OLP-0527,content/counterfactuals/minimal-change-semantics/transitivity.tex,872,normal
include,OLP-0528,content/counterfactuals/minimal-change-semantics/contraposition.tex,873,normal
include,OLP-0529,content/set-theory/set-theory.tex,874,normal
include,OLP-0530,content/set-theory/story/story.tex,876,normal
include,OLP-0531,content/set-theory/story/extensionality.tex,876,normal
include,OLP-0532,content/set-theory/story/russells-paradox-again.tex,876,normal
include,OLP-0533,content/set-theory/story/predicativity.tex,877,normal
include,OLP-0534,content/set-theory/story/cumulative-approach.tex,879,normal
include,OLP-0535,content/set-theory/story/urelements.tex,880,normal
include,OLP-0536,content/set-theory/story/grundgesetze.tex,882,normal
include,OLP-0537,content/set-theory/z/z.tex,883,normal
include,OLP-0538,content/set-theory/z/story.tex,884,normal
include,OLP-0539,content/set-theory/z/separation.tex,884,normal
include,OLP-0540,content/set-theory/z/union.tex,886,normal
include,OLP-0541,content/set-theory/z/pairs.tex,886,normal
include,OLP-0542,content/set-theory/z/powerset.tex,887,normal
include,OLP-0543,content/set-theory/z/infinity-again.tex,888,normal
include,OLP-0544,content/set-theory/z/milestone.tex,890,normal
include,OLP-0545,content/set-theory/z/nat.tex,891,normal
include,OLP-0546,content/set-theory/z/arbintersections.tex,892,normal
include,OLP-0547,content/set-theory/ordinals/ordinals.tex,893,normal
include,OLP-0548,content/set-theory/ordinals/introduction.tex,894,normal
include,OLP-0549,content/set-theory/ordinals/idea.tex,894,normal
include,OLP-0550,content/set-theory/ordinals/wo.tex,895,normal
include,OLP-0551,content/set-theory/ordinals/iso.tex,895,normal
include,OLP-0552,content/set-theory/ordinals/vn.tex,898,normal
include,OLP-0553,content/set-theory/ordinals/basic.tex,899,normal
include,OLP-0554,content/set-theory/ordinals/replacement.tex,901,normal
include,OLP-0555,content/set-theory/ordinals/milestone.tex,902,normal
include,OLP-0556,content/set-theory/ordinals/ordtype.tex,903,normal
include,OLP-0557,content/set-theory/ordinals/opps.tex,904,normal
include,OLP-0558,content/set-theory/spine/spine.tex,906,normal
include,OLP-0559,content/set-theory/spine/idea.tex,907,normal
include,OLP-0560,content/set-theory/spine/recursion.tex,907,normal
include,OLP-0561,content/set-theory/spine/stagesbasics.tex,909,normal
include,OLP-0562,content/set-theory/spine/foundation.tex,910,normal
include,OLP-0563,content/set-theory/spine/zf.tex,912,normal
include,OLP-0564,content/set-theory/spine/rank.tex,913,normal
include,OLP-0565,content/set-theory/replacement/replacement.tex,914,normal
include,OLP-0566,content/set-theory/replacement/introduction.tex,915,normal
include,OLP-0567,content/set-theory/replacement/strength.tex,915,normal
include,OLP-0568,content/set-theory/replacement/extrinsic.tex,916,normal
include,OLP-0569,content/set-theory/replacement/limofsize.tex,918,normal
include,OLP-0570,content/set-theory/replacement/absinf.tex,919,normal
include,OLP-0571,content/set-theory/replacement/ref.tex,921,normal
include,OLP-0572,content/set-theory/replacement/refproofs.tex,922,normal
include,OLP-0573,content/set-theory/replacement/finiteaxiomatizability.tex,925,normal
include,OLP-0574,content/set-theory/ord-arithmetic/ord-arithmetic.tex,926,normal
include,OLP-0575,content/set-theory/ord-arithmetic/introduction.tex,927,normal
include,OLP-0576,content/set-theory/ord-arithmetic/addition.tex,927,normal
include,OLP-0577,content/set-theory/ord-arithmetic/using-addition.tex,930,normal
include,OLP-0578,content/set-theory/ord-arithmetic/multiplication.tex,932,normal
include,OLP-0579,content/set-theory/ord-arithmetic/exponentiation.tex,933,normal
include,OLP-0580,content/set-theory/cardinals/cardinals.tex,934,normal
include,OLP-0581,content/set-theory/cardinals/cp.tex,935,normal
include,OLP-0582,content/set-theory/cardinals/cardsasords.tex,935,normal
include,OLP-0583,content/set-theory/cardinals/milestone.tex,937,normal
include,OLP-0584,content/set-theory/cardinals/classing.tex,938,normal
include,OLP-0585,content/set-theory/cardinals/hp.tex,940,normal
include,OLP-0586,content/set-theory/card-arithmetic/card-arithmetic.tex,942,normal
include,OLP-0587,content/set-theory/card-arithmetic/opps.tex,943,normal
include,OLP-0588,content/set-theory/card-arithmetic/simp.tex,944,normal
include,OLP-0589,content/set-theory/card-arithmetic/expotough.tex,946,normal
include,OLP-0590,content/set-theory/card-arithmetic/ch.tex,947,normal
include,OLP-0591,content/set-theory/card-arithmetic/fix.tex,949,normal
include,OLP-0592,content/set-theory/choice/choice.tex,952,normal
include,OLP-0593,content/set-theory/choice/introduction.tex,953,normal
include,OLP-0594,content/set-theory/choice/tarskiscott.tex,953,normal
include,OLP-0595,content/set-theory/choice/hartogs.tex,954,normal
include,OLP-0596,content/set-theory/choice/wellorderingproblem.tex,955,normal
include,OLP-0597,content/set-theory/choice/countablechoice.tex,957,normal
include,OLP-0598,content/set-theory/choice/justifications.tex,959,normal
include,OLP-0599,content/set-theory/choice/banach.tex,960,normal
include,OLP-0600,content/set-theory/choice/vitali.tex,961,normal
include,OLP-0601,content/methods/methods.tex,966,normal
include,OLP-0602,content/methods/proofs/proofs.tex,968,normal
include,OLP-0603,content/methods/proofs/introduction.tex,969,normal
include,OLP-0604,content/methods/proofs/starting-proofs.tex,970,normal
include,OLP-0605,content/methods/proofs/using-definitions.tex,970,normal
include,OLP-0606,content/methods/proofs/inference-patterns.tex,972,normal
include,OLP-0607,content/methods/proofs/example-1.tex,978,normal
include,OLP-0608,content/methods/proofs/example-2.tex,981,normal
include,OLP-0609,content/methods/proofs/proof-by-contradiction.tex,983,normal
include,OLP-0610,content/methods/proofs/reading-proofs.tex,987,normal
include,OLP-0611,content/methods/proofs/cant-do-it.tex,988,normal
include,OLP-0612,content/methods/proofs/resources.tex,989,normal
include,OLP-0613,content/methods/induction/induction.tex,990,normal
include,OLP-0614,content/methods/induction/introduction.tex,991,normal
include,OLP-0615,content/methods/induction/induction-on-N.tex,992,normal
include,OLP-0616,content/methods/induction/strong-induction.tex,994,normal
include,OLP-0617,content/methods/induction/inductive-definitions.tex,995,normal
include,OLP-0618,content/methods/induction/structural-induction.tex,997,normal
include,OLP-0619,content/methods/induction/relations.tex,998,normal
include,OLP-0620,content/history/history.tex,1002,normal
include,OLP-0621,content/history/biographies/biographies.tex,1004,normal
include,OLP-0622,content/history/biographies/georg-cantor.tex,1004,normal
include,OLP-0623,content/history/biographies/alonzo-church.tex,1004,normal
include,OLP-0624,content/history/biographies/gerhard-gentzen.tex,1005,normal
include,OLP-0625,content/history/biographies/kurt-goedel.tex,1006,normal
include,OLP-0626,content/history/biographies/emmy-noether.tex,1007,normal
include,OLP-0627,content/history/biographies/rozsa-peter.tex,1008,normal
include,OLP-0628,content/history/biographies/julia-robinson.tex,1010,normal
include,OLP-0629,content/history/biographies/bertrand-russell.tex,1011,normal
include,OLP-0630,content/history/biographies/alfred-tarski.tex,1012,normal
include,OLP-0631,content/history/biographies/alan-turing.tex,1013,normal
include,OLP-0632,content/history/biographies/ernst-zermelo.tex,1014,normal
include,OLP-0633,content/history/set-theory/set-theory.tex,1015,normal
include,OLP-0634,content/history/set-theory/infinitesimals.tex,1016,normal
include,OLP-0635,content/history/set-theory/limits.tex,1018,normal
include,OLP-0636,content/history/set-theory/pathologies.tex,1019,normal
include,OLP-0637,content/history/set-theory/mythology.tex,1021,normal
include,OLP-0638,content/history/set-theory/cantor-plane.tex,1022,normal
include,OLP-0639,content/history/set-theory/hilbert-curve.tex,1023,normal
include,OLP-0640,content/reference/reference.tex,1025,normal
include,OLP-0641,content/reference/greek-alphabet/greek-alphabet.tex,1027,normal
include,OLP-0642,content/reference/fraktur-alphabet/fraktur-alphabet.tex,1028,normal
include,OLP-0685,content/proof-theory/proof-theory.tex,1031,supplement
anchor,OLP-0685,content/proof-theory/proof-theory.tex,1033,supplement
include,OLP-0712,content/proof-theory/sequent-calculus/sequent-calculus.tex,1033,supplement
anchor,OLP-0712,content/proof-theory/sequent-calculus/sequent-calculus.tex,1034,supplement
include,OLP-0700,content/proof-theory/sequent-calculus/introduction.tex,1034,supplement
anchor,OLP-0700,content/proof-theory/sequent-calculus/introduction.tex,1034,supplement
include,OLP-0704,content/proof-theory/sequent-calculus/rules-G1c.tex,1035,supplement
anchor,OLP-0704,content/proof-theory/sequent-calculus/rules-G1c.tex,1035,supplement
include,OLP-0707,content/proof-theory/sequent-calculus/rules-G3c.tex,1035,supplement
anchor,OLP-0707,content/proof-theory/sequent-calculus/rules-G3c.tex,1035,supplement
include,OLP-0711,content/proof-theory/sequent-calculus/rules-proofs.tex,1037,supplement
anchor,OLP-0711,content/proof-theory/sequent-calculus/rules-proofs.tex,1037,supplement
include,OLP-0702,content/proof-theory/sequent-calculus/proof-examples.tex,1040,supplement
anchor,OLP-0702,content/proof-theory/sequent-calculus/proof-examples.tex,1040,supplement
include,OLP-0699,content/proof-theory/sequent-calculus/interpretation-rules.tex,1044,supplement
anchor,OLP-0699,content/proof-theory/sequent-calculus/interpretation-rules.tex,1044,supplement
include,OLP-0706,content/proof-theory/sequent-calculus/rules-G2c.tex,1046,supplement
anchor,OLP-0706,content/proof-theory/sequent-calculus/rules-G2c.tex,1046,supplement
include,OLP-0703,content/proof-theory/sequent-calculus/quantifiers.tex,1046,supplement
anchor,OLP-0703,content/proof-theory/sequent-calculus/quantifiers.tex,1046,supplement
include,OLP-0698,content/proof-theory/sequent-calculus/admissible-derivable.tex,1050,supplement
anchor,OLP-0698,content/proof-theory/sequent-calculus/admissible-derivable.tex,1050,supplement
include,OLP-0701,content/proof-theory/sequent-calculus/invertibility.tex,1053,supplement
anchor,OLP-0701,content/proof-theory/sequent-calculus/invertibility.tex,1053,supplement
include,OLP-0713,content/proof-theory/sequent-calculus/translations.tex,1059,supplement
anchor,OLP-0713,content/proof-theory/sequent-calculus/translations.tex,1059,supplement
include,OLP-0657,content/proof-theory/cut-elimination/cut-elimination.tex,1060,supplement
anchor,OLP-0657,content/proof-theory/cut-elimination/cut-elimination.tex,1061,supplement
include,OLP-0659,content/proof-theory/cut-elimination/introduction.tex,1061,supplement
anchor,OLP-0659,content/proof-theory/cut-elimination/introduction.tex,1061,supplement
include,OLP-0656,content/proof-theory/cut-elimination/ce-topmost.tex,1063,supplement
anchor,OLP-0656,content/proof-theory/cut-elimination/ce-topmost.tex,1063,supplement
include,OLP-0655,content/proof-theory/cut-elimination/ce-largest.tex,1071,supplement
anchor,OLP-0655,content/proof-theory/cut-elimination/ce-largest.tex,1071,supplement
include,OLP-0661,content/proof-theory/cut-elimination/midsequent.tex,1076,supplement
anchor,OLP-0661,content/proof-theory/cut-elimination/midsequent.tex,1076,supplement
include,OLP-0658,content/proof-theory/cut-elimination/interpolation.tex,1080,supplement
anchor,OLP-0658,content/proof-theory/cut-elimination/interpolation.tex,1080,supplement
include,OLP-0664,content/proof-theory/natural-deduction/natural-deduction.tex,1089,supplement
anchor,OLP-0664,content/proof-theory/natural-deduction/natural-deduction.tex,1090,supplement
include,OLP-0663,content/proof-theory/natural-deduction/introduction.tex,1090,supplement
anchor,OLP-0663,content/proof-theory/natural-deduction/introduction.tex,1090,supplement
include,OLP-0668,content/proof-theory/natural-deduction/rules-proofs.tex,1091,supplement
anchor,OLP-0668,content/proof-theory/natural-deduction/rules-proofs.tex,1091,supplement
include,OLP-0666,content/proof-theory/natural-deduction/rules-N1.tex,1094,supplement
anchor,OLP-0666,content/proof-theory/natural-deduction/rules-N1.tex,1094,supplement
include,OLP-0669,content/proof-theory/natural-deduction/sequents.tex,1096,supplement
anchor,OLP-0669,content/proof-theory/natural-deduction/sequents.tex,1096,supplement
include,OLP-0667,content/proof-theory/natural-deduction/rules-N2.tex,1096,supplement
anchor,OLP-0667,content/proof-theory/natural-deduction/rules-N2.tex,1096,supplement
include,OLP-0665,content/proof-theory/natural-deduction/quantifiers.tex,1098,supplement
anchor,OLP-0665,content/proof-theory/natural-deduction/quantifiers.tex,1098,supplement
include,OLP-0662,content/proof-theory/natural-deduction/grafting.tex,1101,supplement
anchor,OLP-0662,content/proof-theory/natural-deduction/grafting.tex,1101,supplement
include,OLP-0670,content/proof-theory/natural-deduction/translation-G2i.tex,1102,supplement
anchor,OLP-0670,content/proof-theory/natural-deduction/translation-G2i.tex,1102,supplement
include,OLP-0671,content/proof-theory/natural-deduction/translation-N2i.tex,1106,supplement
anchor,OLP-0671,content/proof-theory/natural-deduction/translation-N2i.tex,1106,supplement
include,OLP-0674,content/proof-theory/normalization/normalization.tex,1107,supplement
anchor,OLP-0674,content/proof-theory/normalization/normalization.tex,1108,supplement
include,OLP-0672,content/proof-theory/normalization/introduction.tex,1108,supplement
anchor,OLP-0672,content/proof-theory/normalization/introduction.tex,1108,supplement
include,OLP-0677,content/proof-theory/normalization/segments.tex,1109,supplement
anchor,OLP-0677,content/proof-theory/normalization/segments.tex,1109,supplement
include,OLP-0675,content/proof-theory/normalization/permutations.tex,1110,supplement
anchor,OLP-0675,content/proof-theory/normalization/permutations.tex,1110,supplement
include,OLP-0676,content/proof-theory/normalization/reductions.tex,1113,supplement
anchor,OLP-0676,content/proof-theory/normalization/reductions.tex,1113,supplement
include,OLP-0673,content/proof-theory/normalization/normalization-thm.tex,1117,supplement
anchor,OLP-0673,content/proof-theory/normalization/normalization-thm.tex,1117,supplement
include,OLP-0678,content/proof-theory/normalization/translations.tex,1118,supplement
anchor,OLP-0678,content/proof-theory/normalization/translations.tex,1118,supplement
include,OLP-0690,content/proof-theory/propositions-as-types/propositions-as-types.tex,1122,supplement
anchor,OLP-0690,content/proof-theory/propositions-as-types/propositions-as-types.tex,1123,supplement
include,OLP-0686,content/proof-theory/propositions-as-types/introduction.tex,1123,supplement
anchor,OLP-0686,content/proof-theory/propositions-as-types/introduction.tex,1123,supplement
include,OLP-0688,content/proof-theory/propositions-as-types/proof-terms.tex,1125,supplement
anchor,OLP-0688,content/proof-theory/propositions-as-types/proof-terms.tex,1125,supplement
include,OLP-0692,content/proof-theory/propositions-as-types/rules-tN2.tex,1127,supplement
anchor,OLP-0692,content/proof-theory/propositions-as-types/rules-tN2.tex,1127,supplement
include,OLP-0689,content/proof-theory/propositions-as-types/proofs-to-terms.tex,1127,supplement
anchor,OLP-0689,content/proof-theory/propositions-as-types/proofs-to-terms.tex,1127,supplement
include,OLP-0695,content/proof-theory/propositions-as-types/terms-to-proofs.tex,1129,supplement
anchor,OLP-0695,content/proof-theory/propositions-as-types/terms-to-proofs.tex,1129,supplement
include,OLP-0697,content/proof-theory/propositions-as-types/types.tex,1130,supplement
anchor,OLP-0697,content/proof-theory/propositions-as-types/types.tex,1130,supplement
include,OLP-0693,content/proof-theory/propositions-as-types/rules-tN3.tex,1131,supplement
anchor,OLP-0693,content/proof-theory/propositions-as-types/rules-tN3.tex,1131,supplement
include,OLP-0691,content/proof-theory/propositions-as-types/reduction.tex,1132,supplement
anchor,OLP-0691,content/proof-theory/propositions-as-types/reduction.tex,1132,supplement
include,OLP-0696,content/proof-theory/propositions-as-types/type-preservation.tex,1134,supplement
anchor,OLP-0696,content/proof-theory/propositions-as-types/type-preservation.tex,1134,supplement
include,OLP-0687,content/proof-theory/propositions-as-types/normalization.tex,1136,supplement
anchor,OLP-0687,content/proof-theory/propositions-as-types/normalization.tex,1136,supplement
include,OLP-0681,content/proof-theory/proof-search/proof-search.tex,1140,supplement
anchor,OLP-0681,content/proof-theory/proof-search/proof-search.tex,1141,supplement
include,OLP-0680,content/proof-theory/proof-search/introduction.tex,1141,supplement
anchor,OLP-0680,content/proof-theory/proof-search/introduction.tex,1141,supplement
include,OLP-0683,content/proof-theory/proof-search/search-algorithm.tex,1143,supplement
anchor,OLP-0683,content/proof-theory/proof-search/search-algorithm.tex,1143,supplement
include,OLP-0679,content/proof-theory/proof-search/completeness.tex,1145,supplement
anchor,OLP-0679,content/proof-theory/proof-search/completeness.tex,1145,supplement
include,OLP-0684,content/proof-theory/proof-search/tableaux.tex,1148,supplement
anchor,OLP-0684,content/proof-theory/proof-search/tableaux.tex,1148,supplement
include,OLP-0682,content/proof-theory/proof-search/rules-Tc.tex,1148,supplement
anchor,OLP-0682,content/proof-theory/proof-search/rules-Tc.tex,1148,supplement
include,OLP-0643,content/first-order-logic/axiomatic-deduction/provability.tex,1152,supplement
anchor,OLP-0643,content/first-order-logic/axiomatic-deduction/provability.tex,1152,supplement
include,OLP-0644,content/first-order-logic/completeness/maximally-consistent-sets.tex,1156,supplement
anchor,OLP-0644,content/first-order-logic/completeness/maximally-consistent-sets.tex,1156,supplement
include,OLP-0645,content/first-order-logic/syntax-and-semantics/introduction.tex,1158,supplement
anchor,OLP-0645,content/first-order-logic/syntax-and-semantics/introduction.tex,1158,supplement
include,OLP-0646,content/first-order-logic/syntax-and-semantics/syntax-and-semantics.tex,1159,supplement
retained-existing-label,OLP-0646,fol:syn::chap,1160,supplement
anchor,OLP-0646,content/first-order-logic/syntax-and-semantics/syntax-and-semantics.tex,1160,supplement
skip-visited,OLP-0645,content/first-order-logic/syntax-and-semantics/introduction.tex,1160,supplement
skip-visited,OLP-0151,content/first-order-logic/syntax-and-semantics/first-order-languages.tex,1160,supplement
skip-visited,OLP-0152,content/first-order-logic/syntax-and-semantics/terms-formulas.tex,1160,supplement
skip-visited,OLP-0153,content/first-order-logic/syntax-and-semantics/unique-readability.tex,1160,supplement
skip-visited,OLP-0154,content/first-order-logic/syntax-and-semantics/main-operator.tex,1160,supplement
skip-visited,OLP-0155,content/first-order-logic/syntax-and-semantics/subformulas.tex,1160,supplement
skip-visited,OLP-0156,content/first-order-logic/syntax-and-semantics/formation-sequences.tex,1160,supplement
skip-visited,OLP-0157,content/first-order-logic/syntax-and-semantics/free-vars-sentences.tex,1160,supplement
skip-visited,OLP-0158,content/first-order-logic/syntax-and-semantics/substitution.tex,1160,supplement
skip-visited,OLP-0161,content/first-order-logic/syntax-and-semantics/structures.tex,1160,supplement
skip-visited,OLP-0162,content/first-order-logic/syntax-and-semantics/covered-structures.tex,1160,supplement
skip-visited,OLP-0163,content/first-order-logic/syntax-and-semantics/satisfaction.tex,1160,supplement
skip-visited,OLP-0164,content/first-order-logic/syntax-and-semantics/assignments.tex,1160,supplement
skip-visited,OLP-0165,content/first-order-logic/syntax-and-semantics/extensionality.tex,1160,supplement
skip-visited,OLP-0166,content/first-order-logic/syntax-and-semantics/semantic-notions.tex,1160,supplement
include,OLP-0647,content/incompleteness/representability-in-q/c-representable.tex,1160,supplement
anchor,OLP-0647,content/incompleteness/representability-in-q/c-representable.tex,1160,supplement
include,OLP-0648,content/incompleteness/representability-in-q/c.tex,1163,supplement
anchor,OLP-0648,content/incompleteness/representability-in-q/c.tex,1163,supplement
include,OLP-0649,content/intuitionistic-logic/semantics/propositions.tex,1163,supplement
anchor,OLP-0649,content/intuitionistic-logic/semantics/propositions.tex,1163,supplement
include,OLP-0650,content/lambda-calculus/lambda-definability/lists.tex,1164,supplement
anchor,OLP-0650,content/lambda-calculus/lambda-definability/lists.tex,1164,supplement
include,OLP-0651,content/lambda-calculus/syntax/conversion.tex,1165,supplement
anchor,OLP-0651,content/lambda-calculus/syntax/conversion.tex,1165,supplement
include,OLP-0652,content/many-valued-logic/sequent-calculus/proof-theoretic-notions.tex,1165,supplement
anchor,OLP-0652,content/many-valued-logic/sequent-calculus/proof-theoretic-notions.tex,1165,supplement
include,OLP-0653,content/model-theory/basics/nonstandard-arithmetic.tex,1167,supplement
anchor,OLP-0653,content/model-theory/basics/nonstandard-arithmetic.tex,1167,supplement
include,OLP-0654,content/normal-modal-logic/syntax-and-semantics/normal-modal-logics.tex,1170,supplement
anchor,OLP-0654,content/normal-modal-logic/syntax-and-semantics/normal-modal-logics.tex,1170,supplement
skip-visited,OLP-0655,content/proof-theory/cut-elimination/ce-largest.tex,1171,supplement
skip-visited,OLP-0656,content/proof-theory/cut-elimination/ce-topmost.tex,1171,supplement
skip-visited,OLP-0657,content/proof-theory/cut-elimination/cut-elimination.tex,1171,supplement
skip-visited,OLP-0658,content/proof-theory/cut-elimination/interpolation.tex,1171,supplement
skip-visited,OLP-0659,content/proof-theory/cut-elimination/introduction.tex,1171,supplement
include,OLP-0660,content/proof-theory/cut-elimination/intuitionistic.tex,1172,supplement
anchor,OLP-0660,content/proof-theory/cut-elimination/intuitionistic.tex,1172,supplement
skip-visited,OLP-0661,content/proof-theory/cut-elimination/midsequent.tex,1172,supplement
skip-visited,OLP-0662,content/proof-theory/natural-deduction/grafting.tex,1172,supplement
skip-visited,OLP-0663,content/proof-theory/natural-deduction/introduction.tex,1172,supplement
skip-visited,OLP-0664,content/proof-theory/natural-deduction/natural-deduction.tex,1172,supplement
skip-visited,OLP-0665,content/proof-theory/natural-deduction/quantifiers.tex,1172,supplement
skip-visited,OLP-0666,content/proof-theory/natural-deduction/rules-N1.tex,1172,supplement
skip-visited,OLP-0667,content/proof-theory/natural-deduction/rules-N2.tex,1172,supplement
skip-visited,OLP-0668,content/proof-theory/natural-deduction/rules-proofs.tex,1172,supplement
skip-visited,OLP-0669,content/proof-theory/natural-deduction/sequents.tex,1172,supplement
skip-visited,OLP-0670,content/proof-theory/natural-deduction/translation-G2i.tex,1172,supplement
skip-visited,OLP-0671,content/proof-theory/natural-deduction/translation-N2i.tex,1172,supplement
skip-visited,OLP-0672,content/proof-theory/normalization/introduction.tex,1172,supplement
skip-visited,OLP-0673,content/proof-theory/normalization/normalization-thm.tex,1172,supplement
skip-visited,OLP-0674,content/proof-theory/normalization/normalization.tex,1172,supplement
skip-visited,OLP-0675,content/proof-theory/normalization/permutations.tex,1172,supplement
skip-visited,OLP-0676,content/proof-theory/normalization/reductions.tex,1172,supplement
skip-visited,OLP-0677,content/proof-theory/normalization/segments.tex,1172,supplement
skip-visited,OLP-0678,content/proof-theory/normalization/translations.tex,1172,supplement
skip-visited,OLP-0679,content/proof-theory/proof-search/completeness.tex,1172,supplement
skip-visited,OLP-0680,content/proof-theory/proof-search/introduction.tex,1172,supplement
skip-visited,OLP-0681,content/proof-theory/proof-search/proof-search.tex,1172,supplement
skip-visited,OLP-0682,content/proof-theory/proof-search/rules-Tc.tex,1172,supplement
skip-visited,OLP-0683,content/proof-theory/proof-search/search-algorithm.tex,1172,supplement
skip-visited,OLP-0684,content/proof-theory/proof-search/tableaux.tex,1172,supplement
skip-visited,OLP-0685,content/proof-theory/proof-theory.tex,1172,supplement
skip-visited,OLP-0686,content/proof-theory/propositions-as-types/introduction.tex,1172,supplement
skip-visited,OLP-0687,content/proof-theory/propositions-as-types/normalization.tex,1172,supplement
skip-visited,OLP-0688,content/proof-theory/propositions-as-types/proof-terms.tex,1172,supplement
skip-visited,OLP-0689,content/proof-theory/propositions-as-types/proofs-to-terms.tex,1172,supplement
skip-visited,OLP-0690,content/proof-theory/propositions-as-types/propositions-as-types.tex,1172,supplement
skip-visited,OLP-0691,content/proof-theory/propositions-as-types/reduction.tex,1172,supplement
skip-visited,OLP-0692,content/proof-theory/propositions-as-types/rules-tN2.tex,1172,supplement
skip-visited,OLP-0693,content/proof-theory/propositions-as-types/rules-tN3.tex,1172,supplement
include,OLP-0694,content/proof-theory/propositions-as-types/sequent-natural-deduction.tex,1172,supplement
anchor,OLP-0694,content/proof-theory/propositions-as-types/sequent-natural-deduction.tex,1172,supplement
skip-visited,OLP-0695,content/proof-theory/propositions-as-types/terms-to-proofs.tex,1174,supplement
skip-visited,OLP-0696,content/proof-theory/propositions-as-types/type-preservation.tex,1174,supplement
skip-visited,OLP-0697,content/proof-theory/propositions-as-types/types.tex,1174,supplement
skip-visited,OLP-0698,content/proof-theory/sequent-calculus/admissible-derivable.tex,1174,supplement
skip-visited,OLP-0699,content/proof-theory/sequent-calculus/interpretation-rules.tex,1174,supplement
skip-visited,OLP-0700,content/proof-theory/sequent-calculus/introduction.tex,1174,supplement
skip-visited,OLP-0701,content/proof-theory/sequent-calculus/invertibility.tex,1174,supplement
skip-visited,OLP-0702,content/proof-theory/sequent-calculus/proof-examples.tex,1174,supplement
skip-visited,OLP-0703,content/proof-theory/sequent-calculus/quantifiers.tex,1174,supplement
skip-visited,OLP-0704,content/proof-theory/sequent-calculus/rules-G1c.tex,1174,supplement
include,OLP-0705,content/proof-theory/sequent-calculus/rules-G1i.tex,1174,supplement
anchor,OLP-0705,content/proof-theory/sequent-calculus/rules-G1i.tex,1174,supplement
skip-visited,OLP-0706,content/proof-theory/sequent-calculus/rules-G2c.tex,1174,supplement
skip-visited,OLP-0707,content/proof-theory/sequent-calculus/rules-G3c.tex,1174,supplement
include,OLP-0708,content/proof-theory/sequent-calculus/rules-G3i.tex,1174,supplement
anchor,OLP-0708,content/proof-theory/sequent-calculus/rules-G3i.tex,1174,supplement
include,OLP-0709,content/proof-theory/sequent-calculus/rules-LK.tex,1174,supplement
anchor,OLP-0709,content/proof-theory/sequent-calculus/rules-LK.tex,1174,supplement
include,OLP-0710,content/proof-theory/sequent-calculus/rules-mG3i.tex,1174,supplement
anchor,OLP-0710,content/proof-theory/sequent-calculus/rules-mG3i.tex,1174,supplement
skip-visited,OLP-0711,content/proof-theory/sequent-calculus/rules-proofs.tex,1174,supplement
skip-visited,OLP-0712,content/proof-theory/sequent-calculus/sequent-calculus.tex,1174,supplement
skip-visited,OLP-0713,content/proof-theory/sequent-calculus/translations.tex,1174,supplement
include,OLP-0714,content/propositional-logic/syntax-and-semantics/completeness.tex,1174,supplement
anchor,OLP-0714,content/propositional-logic/syntax-and-semantics/completeness.tex,1174,supplement
include,OLP-0715,content/propositional-logic/syntax-and-semantics/soundness.tex,1179,supplement
anchor,OLP-0715,content/propositional-logic/syntax-and-semantics/soundness.tex,1179,supplement
include,OLP-0716,content/second-order-logic/syntax-and-semantics/language-of-sol.tex,1179,supplement
anchor,OLP-0716,content/second-order-logic/syntax-and-semantics/language-of-sol.tex,1179,supplement
include,OLP-0717,content/sets-functions-relations/functions/isomorphic-functions.tex,1179,supplement
anchor,OLP-0717,content/sets-functions-relations/functions/isomorphic-functions.tex,1179,supplement
include,OLP-0718,content/sets-functions-relations/inductive-defs-proofs/introduction.tex,1180,supplement
anchor,OLP-0718,content/sets-functions-relations/inductive-defs-proofs/introduction.tex,1180,supplement
include,OLP-0719,content/sets-functions-relations/relations/relations.tex,1182,supplement
retained-existing-label,OLP-0719,sfr:rel::chap,1183,supplement
anchor,OLP-0719,content/sets-functions-relations/relations/relations.tex,1183,supplement
skip-visited,OLP-0012,content/sets-functions-relations/relations/relations-as-sets.tex,1183,supplement
skip-visited,OLP-0014,content/sets-functions-relations/relations/special-properties.tex,1183,supplement
skip-visited,OLP-0015,content/sets-functions-relations/relations/equivalence-relations.tex,1183,supplement
skip-visited,OLP-0016,content/sets-functions-relations/relations/orders.tex,1183,supplement
skip-visited,OLP-0017,content/sets-functions-relations/relations/graphs.tex,1183,supplement
skip-visited,OLP-0018,content/sets-functions-relations/relations/trees.tex,1183,supplement
skip-visited,OLP-0019,content/sets-functions-relations/relations/operations.tex,1183,supplement
include,OLP-0720,content/sets-functions-relations/sets-functions-relations.tex,1183,supplement
retained-existing-label,OLP-0720,sfr:::part,1185,supplement
anchor,OLP-0720,content/sets-functions-relations/sets-functions-relations.tex,1185,supplement
skip-visited,OLP-0004,content/sets-functions-relations/sets/sets.tex,1185,supplement
skip-visited,OLP-0719,content/sets-functions-relations/relations/relations.tex,1185,supplement
skip-visited,OLP-0020,content/sets-functions-relations/functions/functions.tex,1185,supplement
include,OLP-0722,content/sets-functions-relations/size-of-sets/size-of-sets.tex,1185,supplement
retained-existing-label,OLP-0722,sfr:siz::chap,1186,supplement
anchor,OLP-0722,content/sets-functions-relations/size-of-sets/size-of-sets.tex,1186,supplement
skip-visited,OLP-0028,content/sets-functions-relations/size-of-sets/introduction.tex,1186,supplement
skip-visited,OLP-0029,content/sets-functions-relations/size-of-sets/enumerability.tex,1186,supplement
skip-visited,OLP-0030,content/sets-functions-relations/size-of-sets/zig-zag.tex,1186,supplement
skip-visited,OLP-0031,content/sets-functions-relations/size-of-sets/pairing.tex,1186,supplement
skip-visited,OLP-0032,content/sets-functions-relations/size-of-sets/pairing-alt.tex,1186,supplement
skip-visited,OLP-0033,content/sets-functions-relations/size-of-sets/non-enumerability.tex,1186,supplement
skip-visited,OLP-0034,content/sets-functions-relations/size-of-sets/reduction.tex,1186,supplement
skip-visited,OLP-0035,content/sets-functions-relations/size-of-sets/equinumerous-sets.tex,1186,supplement
skip-visited,OLP-0036,content/sets-functions-relations/size-of-sets/comparing-size.tex,1186,supplement
skip-visited,OLP-0037,content/sets-functions-relations/size-of-sets/schroder-bernstein.tex,1186,supplement
include,OLP-0721,content/sets-functions-relations/sets/proofs-about-sets.tex,1186,supplement
anchor,OLP-0721,content/sets-functions-relations/sets/proofs-about-sets.tex,1186,supplement
skip-visited,OLP-0722,content/sets-functions-relations/size-of-sets/size-of-sets.tex,1188,supplement
